{"cameraMode":{"drawMode":0,"name":"Shaded","section":"Shading Mode"},"sceneLighting":true,"audioPlay":false,"sceneViewState":{"m_AlwaysRefresh":false,"showFog":true,"showSkybox":true,"showFlares":true,"showImageEffects":true,"showParticleSystems":true,"showVisualEffectGraphs":true,"m_FxEnabled":true},"in2DMode":false,"pivot":{"x":4.499354362487793,"y":-1.1126995086669922,"z":-3.4452621936798097},"rotation":{"x":0.023773886263370515,"y":0.9762266278266907,"z":-0.15234826505184174,"w":0.15234002470970155},"size":6.607396125793457,"orthographic":false}